Workbook

Sheet DadosInventario
A1: InventarioID | B1: ProdutoID | C1: Produto | D1: Categoria | E1: DataInventario | F1: QuantidadeSistema | G1: QuantidadeFisica | H1: Diferenca | I1: PercentualDivergencia | J1: ResponsavelInventario | K1: Localizacao | L1: Status
A2: 1 | B2: 31 | C2: Chromebook 11.6" (Modelo 2) | D2: Informática | E2: 2025-10-16 | F2: 4117 | G2: 3710 | H2: =G2-F2 | I2: =H2/F2 | J2: Fernanda Vasconcelos | K2: Depósito Externo | L2: =IF(H2=0, "Correto", "Divergente")
A3: 2 | B3: 160 | C3: Fonte Atx 500W 80 Plus (Modelo 11) | D3: Componentes | E3: 2026-05-11 | F3: 4691 | G3: 4691 | H3: =G3-F3 | I3: =H3/F3 | J3: Patricia Prado | K3: Depósito Externo | L3: =IF(H3=0, "Correto", "Divergente")
A4: 3 | B4: 113 | C4: Monitor 4K 32" Profissional (Modelo 9) | D4: Monitores | E4: 2025-05-06 | F4: 21 | G4: 21 | H4: =G4-F4 | I4: =H4/F4 | J4: Mariana Alcantara | K4: B02 | L4: =IF(H4=0, "Correto", "Divergente")
A5: 4 | B5: 26 | C5: SSD NVMe 1TB M.2 (Modelo 12) | D5: Armazenamento | E5: 2026-07-09 | F5: 95 | G5: 98 | H5: =G5-F5 | I5: =H5/F5 | J5: Beatriz Castilho | K5: B01 | L5: =IF(H5=0, "Correto", "Divergente")
A6: 5 | B6: 102 | C6: Mouse Sem Fio Bluetooth (Modelo 13) | D6: Periféricos | E6: 2025-05-30 | F6: 2849 | G6: 2787 | H6: =G6-F6 | I6: =H6/F6 | J6: Gustavo Silveira | K6: C03 | L6: =IF(H6=0, "Correto", "Divergente")
A7: 6 | B7: 164 | C7: Multifuncional Tanque de Tinta (Modelo 15) | D7: Impressão | E7: 2024-06-05 | F7: 2789 | G7: 2789 | H7: =G7-F7 | I7: =H7/F7 | J7: Marcelo Fontes | K7: B02 | L7: =IF(H7=0, "Correto", "Divergente")
A8: 7 | B8: 74 | C8: Multifuncional Tanque de Tinta (Modelo 15) | D8: Impressão | E8: 2026-07-25 | F8: 1155 | G8: 1188 | H8: =G8-F8 | I8: =H8/F8 | J8: Camila Azevedo | K8: B02 | L8: =IF(H8=0, "Correto", "Divergente")
A9: 8 | B9: 7 | C9: Smartphone Empresarial 128GB (Modelo 8) | D9: Smartphones | E9: 2026-01-25 | F9: 2979 | G9: 2979 | H9: =G9-F9 | I9: =H9/F9 | J9: Mariana Alcantara | K9: C01 | L9: =IF(H9=0, "Correto", "Divergente")
A10: 9 | B10: 150 | C10: Cooler para Processador 120mm (Modelo 1) | D10: Componentes | E10: 2026-10-17 | F10: 954 | G10: 954 | H10: =G10-F10 | I10: =H10/F10 | J10: Camila Azevedo | K10: C02 | L10: =IF(H10=0, "Correto", "Divergente")
A11: 10 | B11: 102 | C11: Mouse Sem Fio Bluetooth (Modelo 13) | D11: Periféricos | E11: 2026-12-10 | F11: 2119 | G11: 2158 | H11: =G11-F11 | I11: =H11/F11 | J11: Patricia Prado | K11: C03 | L11: =IF(H11=0, "Correto", "Divergente")
A12: 11 | B12: 133 | C12: Monitor LED 21.5" Full HD (Modelo 14) | D12: Monitores | E12: 2024-02-21 | F12: 4715 | G12: 4715 | H12: =G12-F12 | I12: =H12/F12 | J12: Roberto Fernandes | K12: A01 | L12: =IF(H12=0, "Correto", "Divergente")
A13: 12 | B13: 181 | C13: Mini PC Ryzen 5 (Modelo 2) | D13: Informática | E13: 2026-12-07 | F13: 841 | G13: 841 | H13: =G13-F13 | I13: =H13/F13 | J13: Gustavo Silveira | K13: C02 | L13: =IF(H13=0, "Correto", "Divergente")
... A1001: 1000 | B1001: 176 | C1001: SSD NVMe 1TB M.2 (Modelo 12) | D1001: Armazenamento | E1001: 2025-02-28 | F1001: 3948 | G1001: 3948 | H1001: =G1001-F1001 | I1001: =H1001/F1001 | J1001: Carlos Eduardo Rocha | K1001: B03 | L1001: =IF(H1001=0, "Correto", "Divergente")

Sheet Dashboard
A1: DASHBOARD EXECUTIVO - INVENTÁRIO DE ESTOQUE
A4: Total Registros | C4: Itens Correto | E4: Itens Divergentes | G4: Acurácia Geral
A5: =COUNTA(DadosInventario!A2:A1001) | C5: =COUNTIF(DadosInventario!L2:L1001, "Correto") | E5: =COUNTIF(DadosInventario!L2:L1001, "Divergente") | G5: =C5/A5
A8: Categoria | B8: Total Itens | C8: Itens Divergentes | D8: % Acurácia | F8: Status | G8: Total Registros
A9: Informática | B9: =COUNTIF(DadosInventario!D2:D1001, A9) | C9: =COUNTIFS(DadosInventario!D2:D1001, A9, DadosInventario!L2:L1001, "Divergente") | D9: =(B9-C9)/B9 | F9: Correto | G9: =COUNTIF(DadosInventario!L2:L1001, "Correto")
A10: Periféricos | B10: =COUNTIF(DadosInventario!D2:D1001, A10) | C10: =COUNTIFS(DadosInventario!D2:D1001, A10, DadosInventario!L2:L1001, "Divergente") | D10: =(B10-C10)/B10 | F10: Divergente | G10: =COUNTIF(DadosInventario!L2:L1001, "Divergente")
A11: Monitores | B11: =COUNTIF(DadosInventario!D2:D1001, A11) | C11: =COUNTIFS(DadosInventario!D2:D1001, A11, DadosInventario!L2:L1001, "Divergente") | D11: =(B11-C11)/B11
A12: Impressão | B12: =COUNTIF(DadosInventario!D2:D1001, A12) | C12: =COUNTIFS(DadosInventario!D2:D1001, A12, DadosInventario!L2:L1001, "Divergente") | D12: =(B12-C12)/B12
A13: Áudio | B13: =COUNTIF(DadosInventario!D2:D1001, A13) | C13: =COUNTIFS(DadosInventario!D2:D1001, A13, DadosInventario!L2:L1001, "Divergente") | D13: =(B13-C13)/B13
A14: Armazenamento | B14: =COUNTIF(DadosInventario!D2:D1001, A14) | C14: =COUNTIFS(DadosInventario!D2:D1001, A14, DadosInventario!L2:L1001, "Divergente") | D14: =(B14-C14)/B14
A15: Smartphones | B15: =COUNTIF(DadosInventario!D2:D1001, A15) | C15: =COUNTIFS(DadosInventario!D2:D1001, A15, DadosInventario!L2:L1001, "Divergente") | D15: =(B15-C15)/B15
A16: Redes | B16: =COUNTIF(DadosInventario!D2:D1001, A16) | C16: =COUNTIFS(DadosInventario!D2:D1001, A16, DadosInventario!L2:L1001, "Divergente") | D16: =(B16-C16)/B16
A17: Acessórios | B17: =COUNTIF(DadosInventario!D2:D1001, A17) | C17: =COUNTIFS(DadosInventario!D2:D1001, A17, DadosInventario!L2:L1001, "Divergente") | D17: =(B17-C17)/B17
A18: Componentes | B18: =COUNTIF(DadosInventario!D2:D1001, A18) | C18: =COUNTIFS(DadosInventario!D2:D1001, A18, DadosInventario!L2:L1001, "Divergente") | D18: =(B18-C18)/B18
